{"frames": {

"cactuar":
{
	"frame": {"x":491,"y":2,"w":213,"h":159},
	"rotated": true,
	"trimmed": true,
	"spriteSourceSize": {"x":0,"y":0,"w":213,"h":159},
	"sourceSize": {"w":231,"h":175},
	"pivot": {"x":0.5,"y":0.5}
},
"carrot":
{
	"frame": {"x":628,"y":334,"w":22,"h":21},
	"rotated": false,
	"trimmed": false,
	"spriteSourceSize": {"x":0,"y":0,"w":22,"h":21},
	"sourceSize": {"w":22,"h":21},
	"pivot": {"x":0.5,"y":0.5}
},
"contra1":
{
	"frame": {"x":249,"y":395,"w":83,"h":169},
	"rotated": true,
	"trimmed": false,
	"spriteSourceSize": {"x":0,"y":0,"w":83,"h":169},
	"sourceSize": {"w":83,"h":169},
	"pivot": {"x":0.5,"y":0.5}
},
"contra3":
{
	"frame": {"x":243,"y":2,"w":246,"h":201},
	"rotated": false,
	"trimmed": false,
	"spriteSourceSize": {"x":0,"y":0,"w":246,"h":201},
	"sourceSize": {"w":246,"h":201},
	"pivot": {"x":0.5,"y":0.5}
},
"darkwing_crazy":
{
	"frame": {"x":484,"y":426,"w":53,"h":49},
	"rotated": false,
	"trimmed": false,
	"spriteSourceSize": {"x":0,"y":0,"w":53,"h":49},
	"sourceSize": {"w":53,"h":49},
	"pivot": {"x":0.5,"y":0.5}
},
"diamond":
{
	"frame": {"x":612,"y":388,"w":32,"h":28},
	"rotated": true,
	"trimmed": false,
	"spriteSourceSize": {"x":0,"y":0,"w":32,"h":28},
	"sourceSize": {"w":32,"h":28},
	"pivot": {"x":0.5,"y":0.5}
},
"eggplant":
{
	"frame": {"x":46,"y":472,"w":16,"h":21},
	"rotated": true,
	"trimmed": false,
	"spriteSourceSize": {"x":0,"y":0,"w":16,"h":21},
	"sourceSize": {"w":16,"h":21},
	"pivot": {"x":0.5,"y":0.5}
},
"firstaid":
{
	"frame": {"x":578,"y":388,"w":32,"h":32},
	"rotated": false,
	"trimmed": false,
	"spriteSourceSize": {"x":0,"y":0,"w":32,"h":32},
	"sourceSize": {"w":32,"h":32},
	"pivot": {"x":0.5,"y":0.5}
},
"ladycop":
{
	"frame": {"x":160,"y":246,"w":87,"h":231},
	"rotated": false,
	"trimmed": false,
	"spriteSourceSize": {"x":0,"y":0,"w":87,"h":231},
	"sourceSize": {"w":87,"h":231},
	"pivot": {"x":0.5,"y":0.5}
},
"melon":
{
	"frame": {"x":602,"y":445,"w":20,"h":20},
	"rotated": false,
	"trimmed": false,
	"spriteSourceSize": {"x":0,"y":0,"w":20,"h":20},
	"sourceSize": {"w":20,"h":20},
	"pivot": {"x":0.5,"y":0.5}
},
"mushroom":
{
	"frame": {"x":602,"y":422,"w":21,"h":21},
	"rotated": false,
	"trimmed": false,
	"spriteSourceSize": {"x":0,"y":0,"w":21,"h":21},
	"sourceSize": {"w":21,"h":21},
	"pivot": {"x":0.5,"y":0.5}
},
"nanoha_taiken_blue":
{
	"frame": {"x":2,"y":246,"w":156,"h":224},
	"rotated": false,
	"trimmed": false,
	"spriteSourceSize": {"x":0,"y":0,"w":156,"h":224},
	"sourceSize": {"w":156,"h":224},
	"pivot": {"x":0.5,"y":0.5}
},
"onion":
{
	"frame": {"x":625,"y":422,"w":21,"h":19},
	"rotated": true,
	"trimmed": false,
	"spriteSourceSize": {"x":0,"y":0,"w":21,"h":19},
	"sourceSize": {"w":21,"h":19},
	"pivot": {"x":0.5,"y":0.5}
},
"oz_pov_melting_disk":
{
	"frame": {"x":420,"y":374,"w":62,"h":116},
	"rotated": false,
	"trimmed": false,
	"spriteSourceSize": {"x":0,"y":0,"w":62,"h":116},
	"sourceSize": {"w":62,"h":116},
	"pivot": {"x":0.5,"y":0.5}
},
"pangball":
{
	"frame": {"x":568,"y":426,"w":32,"h":32},
	"rotated": false,
	"trimmed": false,
	"spriteSourceSize": {"x":0,"y":0,"w":32,"h":32},
	"sourceSize": {"w":32,"h":32},
	"pivot": {"x":0.5,"y":0.5}
},
"pepper":
{
	"frame": {"x":384,"y":374,"w":19,"h":24},
	"rotated": true,
	"trimmed": false,
	"spriteSourceSize": {"x":0,"y":0,"w":19,"h":24},
	"sourceSize": {"w":19,"h":24},
	"pivot": {"x":0.5,"y":0.5}
},
"phaser-dude":
{
	"frame": {"x":539,"y":426,"w":27,"h":40},
	"rotated": false,
	"trimmed": false,
	"spriteSourceSize": {"x":0,"y":0,"w":27,"h":40},
	"sourceSize": {"w":27,"h":40},
	"pivot": {"x":0.5,"y":0.5}
},
"phaser_tiny":
{
	"frame": {"x":642,"y":217,"w":33,"h":8},
	"rotated": true,
	"trimmed": false,
	"spriteSourceSize": {"x":0,"y":0,"w":33,"h":8},
	"sourceSize": {"w":33,"h":8},
	"pivot": {"x":0.5,"y":0.5}
},
"pineapple":
{
	"frame": {"x":21,"y":472,"w":16,"h":23},
	"rotated": true,
	"trimmed": false,
	"spriteSourceSize": {"x":0,"y":0,"w":16,"h":23},
	"sourceSize": {"w":16,"h":23},
	"pivot": {"x":0.5,"y":0.5}
},
"shocktroopers_lulu2":
{
	"frame": {"x":249,"y":205,"w":133,"h":188},
	"rotated": false,
	"trimmed": false,
	"spriteSourceSize": {"x":0,"y":0,"w":133,"h":188},
	"sourceSize": {"w":133,"h":188},
	"pivot": {"x":0.5,"y":0.5}
},
"slime":
{
	"frame": {"x":578,"y":334,"w":48,"h":52},
	"rotated": false,
	"trimmed": false,
	"spriteSourceSize": {"x":0,"y":0,"w":48,"h":52},
	"sourceSize": {"w":48,"h":52},
	"pivot": {"x":0.5,"y":0.5}
},
"sonic_havok_sanity":
{
	"frame": {"x":384,"y":205,"w":98,"h":167},
	"rotated": false,
	"trimmed": false,
	"spriteSourceSize": {"x":0,"y":0,"w":98,"h":167},
	"sourceSize": {"w":98,"h":167},
	"pivot": {"x":0.5,"y":0.5}
},
"spyro":
{
	"frame": {"x":484,"y":217,"w":156,"h":115},
	"rotated": false,
	"trimmed": true,
	"spriteSourceSize": {"x":0,"y":0,"w":156,"h":115},
	"sourceSize": {"w":176,"h":130},
	"pivot": {"x":0.5,"y":0.5}
},
"thrust_ship":
{
	"frame": {"x":628,"y":357,"w":21,"h":28},
	"rotated": false,
	"trimmed": false,
	"spriteSourceSize": {"x":0,"y":0,"w":21,"h":28},
	"sourceSize": {"w":21,"h":28},
	"pivot": {"x":0.5,"y":0.5}
},
"titan_mech":
{
	"frame": {"x":2,"y":2,"w":239,"h":242},
	"rotated": false,
	"trimmed": false,
	"spriteSourceSize": {"x":0,"y":0,"w":239,"h":242},
	"sourceSize": {"w":239,"h":242},
	"pivot": {"x":0.5,"y":0.5}
},
"tomato":
{
	"frame": {"x":2,"y":472,"w":18,"h":17},
	"rotated": true,
	"trimmed": false,
	"spriteSourceSize": {"x":0,"y":0,"w":18,"h":17},
	"sourceSize": {"w":18,"h":17},
	"pivot": {"x":0.5,"y":0.5}
},
"wizball":
{
	"frame": {"x":484,"y":334,"w":92,"h":90},
	"rotated": false,
	"trimmed": false,
	"spriteSourceSize": {"x":0,"y":0,"w":92,"h":90},
	"sourceSize": {"w":92,"h":90},
	"pivot": {"x":0.5,"y":0.5}
}},
"meta": {
	"app": "http://www.codeandweb.com/texturepacker",
	"version": "1.0",
	"image": "atlas_rotated.png",
	"format": "RGBA8888",
	"size": {"w":652,"h":492},
	"scale": "1",
	"smartupdate": "$TexturePacker:SmartUpdate:41a60832b2727567971699aa4c986551:1e240ffed241fc58aca26b0e5d350d80:ef9f23f781120659b3a516aa4fff21d1$"
}
}
