<?xml version="1.0" encoding="UTF-8"?>
<TextureAtlas imagePath="sprites.png">
	<!--
	Created with ShoeBox
	http://renderhjs.net/shoebox/
	-->
	<SubTexture name="running bot_0000.png"	x="0"	y="286"	width="279"	height="293" frameX="-1" frameY="-14" frameWidth="280" frameHeight="320"/>
	<SubTexture name="running bot_0001.png"	x="0"	y="580"	width="277"	height="287" frameX="-2" frameY="-17" frameWidth="280" frameHeight="320"/>
	<SubTexture name="running bot_0002.png"	x="280"	y="286"	width="277"	height="289" frameX="-2" frameY="-16" frameWidth="280" frameHeight="320"/>
	<SubTexture name="running bot_0003.png"	x="820"	y="621"	width="165"	height="317" frameX="-58" frameY="-2" frameWidth="280" frameHeight="320"/>
	<SubTexture name="running bot_0004.png"	x="556"	y="576"	width="263"	height="315" frameX="-9" frameY="-3" frameWidth="280" frameHeight="320"/>
	<SubTexture name="running bot_0005.png"	x="0"	y="868"	width="271"	height="287" frameX="-5" frameY="-17" frameWidth="280" frameHeight="320"/>
	<SubTexture name="running bot_0006.png"	x="558"	y="0"	width="261"	height="311" frameX="-10" frameY="-5" frameWidth="280" frameHeight="320"/>
	<SubTexture name="running bot_0007.png"	x="278"	y="580"	width="277"	height="289" frameX="-2" frameY="-16" frameWidth="280" frameHeight="320"/>
	<SubTexture name="running bot_0008.png"	x="820"	y="0"	width="247"	height="299" frameX="-17" frameY="-11" frameWidth="280" frameHeight="320"/>
	<SubTexture name="running bot_0009.png"	x="820"	y="300"	width="169"	height="320" frameX="-56" frameY="-0" frameWidth="280" frameHeight="320"/>
	<SubTexture name="running bot_0010.png"	x="0"	y="0"	width="280"	height="285" frameX="-0" frameY="-18" frameWidth="280" frameHeight="320"/>
</TextureAtlas>