{ "height":20,
 "layers":[
        {
         "data":[3, 3, 3, 3, 3, 3, 3, 3, 3, 3, 3, 3, 3, 3, 3, 3, 3, 3, 3, 3, 3, 3, 3, 3, 3, 3, 3, 0, 0, 0, 1, 1, 1, 1, 1, 3, 3, 3, 1, 1, 1, 1, 1, 1, 1, 1, 1, 1, 1, 0, 1, 3, 3, 0, 0, 0, 1, 1, 1, 3, 1, 1, 1, 1, 0, 0, 1, 1, 1, 1, 1, 3, 1, 1, 0, 0, 1, 3, 3, 0, 0, 0, 1, 1, 1, 1, 1, 1, 0, 0, 0, 0, 1, 1, 1, 3, 3, 1, 0, 0, 0, 1, 3, 3, 3, 1, 1, 1, 1, 1, 1, 1, 1, 1, 0, 0, 0, 0, 1, 1, 1, 1, 3, 1, 0, 0, 1, 1, 3, 3, 3, 1, 1, 1, 1, 1, 1, 1, 0, 0, 0, 0, 0, 0, 1, 1, 1, 1, 1, 1, 1, 3, 1, 1, 1, 3, 3, 1, 0, 0, 0, 1, 1, 1, 1, 1, 1, 1, 1, 1, 1, 1, 1, 1, 1, 1, 1, 1, 3, 1, 3, 3, 3, 1, 0, 0, 0, 0, 0, 0, 0, 0, 0, 0, 0, 0, 0, 0, 0, 0, 0, 0, 1, 3, 1, 1, 1, 3, 3, 1, 0, 0, 0, 0, 0, 0, 0, 0, 3, 1, 1, 1, 1, 1, 1, 1, 1, 1, 1, 1, 1, 1, 3, 3, 3, 3, 3, 3, 3, 1, 1, 1, 0, 0, 3, 1, 1, 1, 1, 1, 1, 1, 1, 1, 1, 1, 1, 1, 3, 3, 3, 1, 3, 1, 3, 1, 1, 1, 0, 0, 3, 1, 1, 1, 1, 1, 1, 1, 1, 1, 1, 3, 3, 1, 1, 3, 3, 1, 1, 1, 1, 1, 1, 1, 0, 0, 0, 0, 0, 1, 1, 1, 1, 3, 1, 1, 3, 1, 3, 1, 1, 3, 3, 3, 1, 1, 1, 1, 1, 1, 0, 0, 0, 0, 0, 1, 1, 1, 1, 1, 1, 1, 1, 1, 1, 1, 1, 3, 3, 1, 3, 3, 1, 3, 3, 3, 3, 3, 1, 1, 1, 0, 0, 1, 3, 3, 1, 1, 1, 1, 1, 1, 1, 3, 3, 1, 1, 3, 1, 1, 1, 3, 3, 1, 1, 1, 1, 1, 0, 1, 1, 1, 1, 1, 1, 1, 1, 3, 3, 3, 3, 1, 1, 3, 1, 1, 1, 3, 3, 3, 1, 1, 1, 0, 0, 1, 1, 1, 1, 1, 1, 1, 1, 3, 3, 3, 3, 1, 1, 1, 1, 1, 1, 1, 1, 1, 1, 1, 1, 0, 0, 0, 1, 3, 1, 1, 1, 1, 0, 0, 0, 3, 3, 1, 1, 3, 3, 1, 1, 1, 1, 1, 0, 1, 1, 3, 3, 1, 3, 3, 1, 1, 1, 1, 0, 0, 0, 3, 3, 1, 1, 1, 1, 1, 1, 1, 1, 1, 0, 0, 0, 0, 0, 1, 1, 1, 1, 1, 1, 1, 0, 0, 0, 3, 3, 3, 3, 3, 3, 3, 3, 3, 3, 3, 3, 3, 3, 3, 3, 3, 3, 3, 3, 3, 3, 3, 3, 3, 3, 3],
         "height":20,
         "name":"layer",
         "opacity":1,
         "type":"tilelayer",
         "visible":true,
         "width":26,
         "x":0,
         "y":0
        }],
 "orientation":"orthogonal",
 "properties":
    {

    },
 "tileheight":30,
 "tilesets":[
        {
         "firstgid":1,
         "image":"dirt.png",
         "imageheight":30,
         "imagewidth":90,
         "margin":0,
         "name":"dirt",
         "properties":
            {

            },
         "spacing":0,
         "tileheight":30,
         "tilewidth":30
        }],
 "tilewidth":30,
 "version":1,
 "width":26
}