{ "height":20,
 "layers":[
        {
         "data":[121, 121, 121, 121, 121, 121, 121, 121, 121, 121, 121, 121, 121, 121, 121, 121, 121, 121, 121, 121, 121, 0, 0, 0, 0, 0, 0, 0, 0, 0, 229, 0, 0, 0, 0, 0, 0, 0, 224, 121, 121, 0, 0, 0, 0, 0, 0, 0, 0, 0, 97, 9, 89, 0, 0, 0, 0, 148, 224, 121, 121, 0, 0, 0, 0, 0, 0, 0, 0, 0, 0, 0, 0, 0, 0, 0, 113, 9, 9, 121, 121, 140, 0, 0, 0, 0, 137, 0, 0, 0, 0, 0, 0, 0, 0, 0, 0, 0, 0, 121, 121, 105, 0, 0, 0, 97, 9, 89, 0, 0, 0, 0, 0, 0, 0, 0, 0, 0, 0, 121, 121, 0, 0, 0, 0, 0, 0, 0, 0, 0, 0, 0, 0, 0, 0, 0, 0, 198, 0, 121, 121, 0, 0, 0, 0, 0, 0, 0, 0, 216, 0, 0, 0, 0, 0, 0, 0, 113, 9, 121, 121, 0, 0, 0, 154, 0, 0, 0, 239, 239, 239, 0, 0, 155, 0, 0, 0, 0, 0, 121, 121, 0, 0, 97, 9, 89, 0, 0, 0, 0, 0, 0, 97, 9, 89, 0, 0, 0, 0, 121, 121, 0, 0, 0, 0, 0, 0, 0, 0, 0, 0, 0, 0, 0, 0, 0, 0, 0, 0, 121, 121, 140, 0, 0, 0, 0, 0, 0, 0, 0, 0, 0, 0, 0, 0, 0, 0, 0, 0, 121, 121, 105, 0, 0, 177, 0, 0, 0, 0, 189, 0, 0, 0, 177, 0, 0, 177, 0, 0, 121, 121, 0, 0, 0, 0, 0, 0, 0, 97, 9, 89, 0, 0, 0, 0, 0, 0, 0, 214, 121, 121, 140, 0, 0, 0, 0, 0, 0, 0, 0, 0, 0, 0, 0, 0, 157, 157, 157, 219, 121, 121, 105, 0, 0, 0, 0, 0, 0, 0, 0, 0, 0, 0, 25, 9, 9, 9, 9, 9, 121, 121, 0, 0, 0, 0, 0, 0, 0, 0, 0, 0, 0, 25, 73, 2, 2, 2, 2, 2, 121, 121, 0, 168, 0, 0, 0, 189, 189, 234, 0, 193, 25, 73, 2, 2, 2, 2, 2, 2, 121, 121, 9, 9, 9, 9, 9, 9, 9, 9, 9, 9, 9, 9, 9, 9, 9, 9, 9, 9, 121, 121, 121, 121, 121, 121, 121, 121, 121, 121, 121, 121, 121, 121, 121, 121, 121, 121, 121, 121, 121],
         "height":20,
         "name":"Tile Layer 1",
         "opacity":1,
         "type":"tilelayer",
         "visible":true,
         "width":20,
         "x":0,
         "y":0
        }],
 "nextobjectid":1,
 "orientation":"orthogonal",
 "properties":
    {

    },
 "renderorder":"right-down",
 "tileheight":64,
 "tilesets":[
        {
         "firstgid":1,
         "image":"..\/tiles\/kenny_ground_64x64.png",
         "imageheight":1024,
         "imagewidth":512,
         "margin":0,
         "name":"kenny_ground_64x64",
         "properties":
            {

            },
         "spacing":0,
         "tileheight":64,
         "tilewidth":64
        }, 
        {
         "firstgid":129,
         "image":"..\/tiles\/kenny_items_64x64.png",
         "imageheight":256,
         "imagewidth":512,
         "margin":0,
         "name":"kenny_items_64x64",
         "properties":
            {

            },
         "spacing":0,
         "tileheight":64,
         "tilewidth":64
        }, 
        {
         "firstgid":161,
         "image":"..\/tiles\/kenny_platformer_64x64.png",
         "imageheight":1024,
         "imagewidth":320,
         "margin":0,
         "name":"kenny_platformer_64x64",
         "properties":
            {

            },
         "spacing":0,
         "tileheight":64,
         "tilewidth":64
        }],
 "tilewidth":64,
 "version":1,
 "width":20
}